product_key,product,workflow_id,workflow,class,state,trigger,rollout_stage,rollout_stage_title,rollout_lane,release_note,source_file,source_line
assurarr,AssurArr,AS-WF-001,"Report, triage, and classify nonconformance",CURRENT · COMMON,Durable,"Worker, customer, supplier, audit, inspection, system rule, or product event identifies a quality issue.",R6,"Quality hold, release, and corrective action",Harden represented workflow in product entry release,"Verify state path, tests, evidence, and UI failure states",products/assurarr/WORKFLOWS.md,23
assurarr,AssurArr,AS-WF-002,"Quality hold creation, propagation, and release",CURRENT · UNDERSERVED,Durable,"A nonconformance, complaint, audit, supplier issue, failed inspection, or authorized reviewer requires a hold.",R6,"Quality hold, release, and corrective action",Harden represented workflow in product entry release,"Verify state path, tests, evidence, and UI failure states",products/assurarr/WORKFLOWS.md,24
assurarr,AssurArr,AS-WF-003,Containment and disposition,CURRENT · COMMON,Durable,Nonconformance triage requires immediate containment or investigation reaches disposition.,R6,"Quality hold, release, and corrective action",Harden represented workflow in product entry release,"Verify state path, tests, evidence, and UI failure states",products/assurarr/WORKFLOWS.md,25
assurarr,AssurArr,AS-WF-004,Root cause analysis and CAPA initiation,CURRENT · COMMON,Durable,A nonconformance/finding/complaint/recurrence meets CAPA criteria.,R6,"Quality hold, release, and corrective action",Harden represented workflow in product entry release,"Verify state path, tests, evidence, and UI failure states",products/assurarr/WORKFLOWS.md,26
assurarr,AssurArr,AS-WF-005,"CAPA action execution, verification, effectiveness, and closure",CURRENT · COMMON,Durable,CAPA is approved.,R6,"Quality hold, release, and corrective action",Harden represented workflow in product entry release,"Verify state path, tests, evidence, and UI failure states",products/assurarr/WORKFLOWS.md,27
assurarr,AssurArr,AS-WF-006,"Quality audit plan, execute, finding, and close",CURRENT · COMMON,Durable,Audit program/schedule or ad hoc risk event creates an audit.,R6,"Quality hold, release, and corrective action",Harden represented workflow in product entry release,"Verify state path, tests, evidence, and UI failure states",products/assurarr/WORKFLOWS.md,28
assurarr,AssurArr,AS-WF-007,Supplier quality issue and SCAR,CURRENT · COMMON,Durable,"Incoming quality, field failure, audit, complaint, or trend triggers supplier action.",R6,"Quality hold, release, and corrective action",Harden represented workflow in product entry release,"Verify state path, tests, evidence, and UI failure states",products/assurarr/WORKFLOWS.md,29
assurarr,AssurArr,AS-WF-008,Customer complaint quality investigation,CURRENT · COMMON,Durable,CustomArr forwards a complaint classified as potential quality issue.,R6,"Quality hold, release, and corrective action",Harden represented workflow in product entry release,"Verify state path, tests, evidence, and UI failure states",products/assurarr/WORKFLOWS.md,30
assurarr,AssurArr,AS-WF-009,Quality review and release,CURRENT · COMMON,Durable,Operational workflow requests quality review or configured criteria are met.,R6,"Quality hold, release, and corrective action",Harden represented workflow in product entry release,"Verify state path, tests, evidence, and UI failure states",products/assurarr/WORKFLOWS.md,31
assurarr,AssurArr,AS-WF-010,Quality change control,COMMON · DEMOCRATIZE,Target,"A process, specification, supplier, material, equipment, software, document, method, location, or requirement change is proposed.",R6,"Quality hold, release, and corrective action",Complete expected category workflow after MVP proof,Implement behind owner APIs/events before release,products/assurarr/WORKFLOWS.md,32
assurarr,AssurArr,AS-WF-011,Deviation and temporary concession,COMMON · UNDERSERVED,Target,Operations requests deviation before work or identifies an unavoidable departure during execution.,R6,"Quality hold, release, and corrective action",Complete expected category workflow after MVP proof,Implement behind owner APIs/events before release,products/assurarr/WORKFLOWS.md,33
assurarr,AssurArr,AS-WF-012,Risk/FMEA review and control action,COMMON · DEMOCRATIZE,Target,New/changed process/product/supplier/equipment or scheduled review requires risk assessment.,R6,"Quality hold, release, and corrective action",Complete expected category workflow after MVP proof,Implement behind owner APIs/events before release,products/assurarr/WORKFLOWS.md,34
assurarr,AssurArr,AS-WF-013,Management quality review,CURRENT · COMMON,Partial,Scheduled management review period opens.,R6,"Quality hold, release, and corrective action",Harden represented workflow in product entry release,Requires R0 truth hardening before production reliance,products/assurarr/WORKFLOWS.md,35
assurarr,AssurArr,AS-WF-014,Quality audit/evidence package,CURRENT · COMMON,Partial,"Customer, regulator, auditor, supplier, or internal reviewer requests quality evidence.",R6,"Quality hold, release, and corrective action",Harden represented workflow in product entry release,Requires R0 truth hardening before production reliance,products/assurarr/WORKFLOWS.md,36
compliancecore,Compliance Core,CC-WF-001,Ingest and govern a regulatory source,CURRENT · COMMON,Durable,"An authorized administrator imports or registers a regulation, standard, guidance document, customer requirement, or policy source.",R2,Compliance Core runtime baseline,Harden represented workflow in product entry release,"Verify state path, tests, evidence, and UI failure states",products/compliancecore/WORKFLOWS.md,23
compliancecore,Compliance Core,CC-WF-002,"Author, test, publish, and roll back a rulepack",CURRENT · FOUNDATION,Durable,"A new obligation, mapping change, defect, or planned content release requires a rulepack revision.",R2,Compliance Core runtime baseline,Harden represented workflow in product entry release,"Verify state path, tests, evidence, and UI failure states",products/compliancecore/WORKFLOWS.md,24
compliancecore,Compliance Core,CC-WF-003,Onboard a tenant compliance profile,CURRENT · UNDERSERVED,Durable,"A tenant activates the suite, adds a legal entity/site/operation, or requests profile reassessment.",R2,Compliance Core runtime baseline,Harden represented workflow in product entry release,"Verify state path, tests, evidence, and UI failure states",products/compliancecore/WORKFLOWS.md,25
compliancecore,Compliance Core,CC-WF-004,Synchronize a product fact with provenance,CURRENT · FOUNDATION,Durable,An owning product emits a create/update/delete/status event or Compliance Core requests a permitted fact refresh.,R2,Compliance Core runtime baseline,Harden represented workflow in product entry release,"Verify state path, tests, evidence, and UI failure states",products/compliancecore/WORKFLOWS.md,26
compliancecore,Compliance Core,CC-WF-005,Map and reuse evidence across requirements,CURRENT · UNDERSERVED,Durable,"A rule, audit, assessment, or product workflow identifies an evidence requirement.",R2,Compliance Core runtime baseline,Harden represented workflow in product entry release,"Verify state path, tests, evidence, and UI failure states",products/compliancecore/WORKFLOWS.md,27
compliancecore,Compliance Core,CC-WF-006,Evaluate compliance and explain the result,CURRENT · FOUNDATION,Durable,"A product requests a decision, a fact/evidence/rule changes, a schedule runs, or an authorized user performs an evaluation.",R2,Compliance Core runtime baseline,Harden represented workflow in product entry release,"Verify state path, tests, evidence, and UI failure states",products/compliancecore/WORKFLOWS.md,28
compliancecore,Compliance Core,CC-WF-007,Request and enforce an operational workflow gate,CURRENT · UNDERSERVED,Durable,"An owning product reaches a configured decision point such as dispatch, assignment, release, receipt, shipment, approval, payment, or return to service.",R2,Compliance Core runtime baseline,Harden represented workflow in product entry release,"Verify state path, tests, evidence, and UI failure states",products/compliancecore/WORKFLOWS.md,29
compliancecore,Compliance Core,CC-WF-008,Manage a finding through verified closure,CURRENT · COMMON,Durable,"Evaluation, audit, assessment, control test, incident, complaint, external notice, or reviewer opens a finding.",R2,Compliance Core runtime baseline,Harden represented workflow in product entry release,"Verify state path, tests, evidence, and UI failure states",products/compliancecore/WORKFLOWS.md,30
compliancecore,Compliance Core,CC-WF-009,"Request, approve, monitor, and expire an exception",CURRENT · COMMON,Durable,A user cannot meet a requirement or a rule explicitly permits an exception/exemption/waiver.,R2,Compliance Core runtime baseline,Harden represented workflow in product entry release,"Verify state path, tests, evidence, and UI failure states",products/compliancecore/WORKFLOWS.md,31
compliancecore,Compliance Core,CC-WF-010,Assess a regulatory change and drive adoption,CURRENT · DEMOCRATIZE,Durable,"A monitored source publishes, amends, delays, interprets, or rescinds a requirement.",R2,Compliance Core runtime baseline,Harden represented workflow in product entry release,"Verify state path, tests, evidence, and UI failure states",products/compliancecore/WORKFLOWS.md,32
compliancecore,Compliance Core,CC-WF-011,Plan and execute a control test or assessment,COMMON · DEMOCRATIZE,Target,"An assessment calendar, audit plan, change, incident, risk threshold, or continuous-monitoring signal triggers testing.",R2,Compliance Core runtime baseline,Complete expected category workflow after MVP proof,Implement behind owner APIs/events before release,products/compliancecore/WORKFLOWS.md,33
compliancecore,Compliance Core,CC-WF-012,Score risk and choose treatment,CURRENT · COMMON,Durable,"A risk is identified or reassessment is due after change, incident, finding, control result, or schedule.",R2,Compliance Core runtime baseline,Harden represented workflow in product entry release,"Verify state path, tests, evidence, and UI failure states",products/compliancecore/WORKFLOWS.md,34
compliancecore,Compliance Core,CC-WF-013,Forecast compliance readiness,CURRENT · DEMOCRATIZE,Durable,Scheduled analytics or relevant product/rule/evidence change updates the forecast horizon.,R2,Compliance Core runtime baseline,Harden represented workflow in product entry release,"Verify state path, tests, evidence, and UI failure states",products/compliancecore/WORKFLOWS.md,35
compliancecore,Compliance Core,CC-WF-014,Evaluate a theoretical situation before change,CURRENT · UNDERSERVED · DEMOCRATIZE,Durable,"A user proposes a new site, operation, asset, material, role, route, supplier, customer service, order flow, document, or financial structure.",R2,Compliance Core runtime baseline,Harden represented workflow in product entry release,"Verify state path, tests, evidence, and UI failure states",products/compliancecore/WORKFLOWS.md,36
compliancecore,Compliance Core,CC-WF-015,Manage SDS and hazard communication applicability,CURRENT · COMMON,Durable,"A material/product is introduced or changed, an SDS is uploaded/updated/expired, or a location/activity inventory changes.",R2,Compliance Core runtime baseline,Harden represented workflow in product entry release,"Verify state path, tests, evidence, and UI failure states",products/compliancecore/WORKFLOWS.md,37
compliancecore,Compliance Core,CC-WF-016,Build and deliver an audit package,CURRENT · COMMON,Durable,"An internal/external audit, regulator request, customer assurance review, certification, or management review requires delivery.",R2,Compliance Core runtime baseline,Harden represented workflow in product entry release,"Verify state path, tests, evidence, and UI failure states",products/compliancecore/WORKFLOWS.md,38
compliancecore,Compliance Core,CC-WF-017,Handle a Compliance Core service degradation,FOUNDATION,Target,"Health monitoring, timeout, content defect, dependency outage, or repeated evaluation failure detects degradation.",R12,"Expansion, portals, advanced integrations, AI, and category depth",Retained advanced workflow backlog after core vertical proof,Implement behind owner APIs/events before release,products/compliancecore/WORKFLOWS.md,39
customarr,CustomArr,CU-WF-001,"Lead capture, dedupe, routing, and acknowledgement",CURRENT · COMMON,Durable,"A web form, portal, integration, import, referral, email, or user creates a lead.",R7A,Customer master baseline,Harden represented workflow in product entry release,"Verify state path, tests, evidence, and UI failure states",products/customarr/WORKFLOWS.md,24
customarr,CustomArr,CU-WF-002,Lead qualification and conversion,CURRENT · COMMON,Durable,A lead owner begins qualification.,R7A,Customer master baseline,Harden represented workflow in product entry release,"Verify state path, tests, evidence, and UI failure states",products/customarr/WORKFLOWS.md,25
customarr,CustomArr,CU-WF-003,"Create customer account, hierarchy, contacts, and locations",CURRENT · COMMON,Durable,"A lead converts, an order/import requires a customer, or an authorized user creates one.",R7A,Customer master baseline,Harden represented workflow in product entry release,"Verify state path, tests, evidence, and UI failure states",products/customarr/WORKFLOWS.md,26
customarr,CustomArr,CU-WF-004,"Opportunity pipeline, stage validation, and forecast",CURRENT · COMMON,Durable,A qualified lead/customer need becomes an opportunity.,R7A,Customer master baseline,Harden represented workflow in product entry release,"Verify state path, tests, evidence, and UI failure states",products/customarr/WORKFLOWS.md,27
customarr,CustomArr,CU-WF-005,"Proposal, approval, agreement, and order handoff",CURRENT · COMMON,Partial,An opportunity is ready for a formal proposal or agreement.,R7A,Customer master baseline,Harden represented workflow in product entry release,Requires R0 truth hardening before production reliance,products/customarr/WORKFLOWS.md,28
customarr,CustomArr,CU-WF-006,Customer requirements and preference change,CURRENT · UNDERSERVED,Durable,A customer/internal user submits or discovers a new/changed requirement.,R7A,Customer master baseline,Harden represented workflow in product entry release,"Verify state path, tests, evidence, and UI failure states",products/customarr/WORKFLOWS.md,29
customarr,CustomArr,CU-WF-007,Customer onboarding and mutual action plan,CURRENT · UNDERSERVED,Durable,A customer agreement/order requires onboarding or a relationship is approved for activation.,R7A,Customer master baseline,Harden represented workflow in product entry release,"Verify state path, tests, evidence, and UI failure states",products/customarr/WORKFLOWS.md,30
customarr,CustomArr,CU-WF-008,Customer portal invitation and access administration,CURRENT · COMMON,Durable,An authorized internal user invites a customer contact or contact requests access.,R7A,Customer master baseline,Harden represented workflow in product entry release,"Verify state path, tests, evidence, and UI failure states",products/customarr/WORKFLOWS.md,31
customarr,CustomArr,CU-WF-009,"Customer case intake, SLA, escalation, and resolution",CURRENT · COMMON,Durable,"Customer or employee creates a case from portal, email, phone, form, or linked operational event.",R7A,Customer master baseline,Harden represented workflow in product entry release,"Verify state path, tests, evidence, and UI failure states",products/customarr/WORKFLOWS.md,32
customarr,CustomArr,CU-WF-010,Customer complaint to quality and corrective action,CURRENT · UNDERSERVED,Partial,A case is classified as a potential quality complaint.,R7A,Customer master baseline,Harden represented workflow in product entry release,Requires R0 truth hardening before production reliance,products/customarr/WORKFLOWS.md,33
customarr,CustomArr,CU-WF-011,"Customer health review, success plan, and churn risk",CURRENT · COMMON,Durable,A scheduled review occurs or health signals change materially.,R7A,Customer master baseline,Harden represented workflow in product entry release,"Verify state path, tests, evidence, and UI failure states",products/customarr/WORKFLOWS.md,34
customarr,CustomArr,CU-WF-012,"Renewal, expansion, contraction, or termination",COMMON · UNDERSERVED,Partial,Agreement/commitment enters a renewal window or customer requests change/termination.,R7A,Customer master baseline,Complete expected category workflow after MVP proof,Requires R0 truth hardening before production reliance,products/customarr/WORKFLOWS.md,35
customarr,CustomArr,CU-WF-013,Customer duplicate review and merge,CURRENT · COMMON,Durable,"Import, create, integration, or scheduled matching identifies candidates.",R7A,Customer master baseline,Harden represented workflow in product entry release,"Verify state path, tests, evidence, and UI failure states",products/customarr/WORKFLOWS.md,36
customarr,CustomArr,CU-WF-014,"Customer import with mapping, validation, and rollback",CURRENT · COMMON,Durable,An authorized user uploads customer/contact/pipeline data or runs an integration migration.,R7A,Customer master baseline,Harden represented workflow in product entry release,"Verify state path, tests, evidence, and UI failure states",products/customarr/WORKFLOWS.md,37
customarr,CustomArr,CU-WF-015,Field visit and offline account update,UNDERSERVED,Target,A field user opens an assigned visit/task or loses connectivity at a customer site.,R12,"Expansion, portals, advanced integrations, AI, and category depth",Retained advanced workflow backlog after core vertical proof,Implement behind owner APIs/events before release,products/customarr/WORKFLOWS.md,38
customarr,CustomArr,CU-WF-016,Customer audit/data-room package,UNDERSERVED · DEMOCRATIZE,Target,"An authorized user or customer requests an onboarding, contract, service, audit, or data-room package.",R12,"Expansion, portals, advanced integrations, AI, and category depth",Retained advanced workflow backlog after core vertical proof,Implement behind owner APIs/events before release,products/customarr/WORKFLOWS.md,39
fieldcompanion,Field Companion,FC-WF-001,Launch Field Companion and establish a secure session,CURRENT · FOUNDATION,Partial,"User opens the PWA/web app, follows a product deep link, or taps a notification.",R9,Field Companion mobile execution,Harden represented workflow in product entry release,Requires R0 truth hardening before production reliance,products/fieldcompanion/WORKFLOWS.md,23
fieldcompanion,Field Companion,FC-WF-002,Discover and accept mobile work,CURRENT · COMMON,Partial,"User opens My Work/Inbox, receives a notification, scans context, or work is assigned/available.",R9,Field Companion mobile execution,Harden represented workflow in product entry release,Requires R0 truth hardening before production reliance,products/fieldcompanion/WORKFLOWS.md,24
fieldcompanion,Field Companion,FC-WF-003,Scan a code and resolve context,CURRENT · COMMON,Partial,User opens Scan or a workflow requests a scan step.,R9,Field Companion mobile execution,Harden represented workflow in product entry release,Requires R0 truth hardening before production reliance,products/fieldcompanion/WORKFLOWS.md,25
fieldcompanion,Field Companion,FC-WF-004,Capture and submit field evidence,CURRENT · COMMON,Partial,"A product workflow requires or permits photo, video, audio, file, signature, note, measurement, or document evidence.",R9,Field Companion mobile execution,Harden represented workflow in product entry release,Requires R0 truth hardening before production reliance,products/fieldcompanion/WORKFLOWS.md,26
fieldcompanion,Field Companion,FC-WF-005,Execute an offline-safe action and synchronize,CURRENT · UNDERSERVED,Partial,User downloads eligible work or connectivity drops during an explicitly offline-capable task.,R9,Field Companion mobile execution,Harden represented workflow in product entry release,Requires R0 truth hardening before production reliance,products/fieldcompanion/WORKFLOWS.md,27
fieldcompanion,Field Companion,FC-WF-006,Resolve a mobile synchronization conflict,UNDERSERVED · FOUNDATION,Partial,The owning product rejects an offline/queued action because the source record or authorization changed.,R12,"Expansion, portals, advanced integrations, AI, and category depth",Retained advanced workflow backlog after core vertical proof,Requires R0 truth hardening before production reliance,products/fieldcompanion/WORKFLOWS.md,28
fieldcompanion,Field Companion,FC-WF-007,Open a push notification and complete its action,CURRENT · COMMON,Partial,NexArr/product notification service sends an event to a registered push subscription.,R9,Field Companion mobile execution,Harden represented workflow in product entry release,Requires R0 truth hardening before production reliance,products/fieldcompanion/WORKFLOWS.md,29
fieldcompanion,Field Companion,FC-WF-008,Clock in/out or record labor from mobile,CURRENT · COMMON,Partial,"User starts/ends shift, break, travel, task labor, or corrects a missed event through the Clock surface.",R9,Field Companion mobile execution,Harden represented workflow in product entry release,Requires R0 truth hardening before production reliance,products/fieldcompanion/WORKFLOWS.md,30
fieldcompanion,Field Companion,FC-WF-009,"Report an issue, incident, defect, or observation",CURRENT · UNDERSERVED,Partial,"User taps Report, scans context, or an active task offers a report action.",R9,Field Companion mobile execution,Harden represented workflow in product entry release,Requires R0 truth hardening before production reliance,products/fieldcompanion/WORKFLOWS.md,31
fieldcompanion,Field Companion,FC-WF-010,"Complete a mobile form, checklist, or attestation",COMMON · FOUNDATION,Target,Owning product assigns a form/checklist/inspection/assessment/attestation step.,R9,Field Companion mobile execution,Complete expected category workflow after MVP proof,Implement behind owner APIs/events before release,products/fieldcompanion/WORKFLOWS.md,32
fieldcompanion,Field Companion,FC-WF-011,Collect a signature or acknowledgement,COMMON · UNDERSERVED,Partial,"A product workflow requests a receipt, inspection, delivery, training, policy, quality, customer, supplier, maintenance, or other acknowledgement/signature.",R9,Field Companion mobile execution,Complete expected category workflow after MVP proof,Requires R0 truth hardening before production reliance,products/fieldcompanion/WORKFLOWS.md,33
fieldcompanion,Field Companion,FC-WF-012,Use a one-time external capture link,UNDERSERVED,Target,"An authorized product user requests a customer, supplier, applicant, witness, consignee, auditor, or other external party action.",R12,"Expansion, portals, advanced integrations, AI, and category depth",Retained advanced workflow backlog after core vertical proof,Implement behind owner APIs/events before release,products/fieldcompanion/WORKFLOWS.md,34
fieldcompanion,Field Companion,FC-WF-013,Apply app-protection policy and selective wipe,DEMOCRATIZE · FOUNDATION,Partial,"User signs in, policy changes, risk signal arrives, membership ends, device is lost, or administrator issues a wipe/revoke command.",R12,"Expansion, portals, advanced integrations, AI, and category depth",Retained advanced workflow backlog after core vertical proof,Requires R0 truth hardening before production reliance,products/fieldcompanion/WORKFLOWS.md,35
fieldcompanion,Field Companion,FC-WF-014,Operate on a shared or kiosk device,COMMON · DEMOCRATIZE,Partial,"A user begins or ends a session on a shared warehouse, shop, vehicle, counter, or kiosk device.",R9,Field Companion mobile execution,Complete expected category workflow after MVP proof,Requires R0 truth hardening before production reliance,products/fieldcompanion/WORKFLOWS.md,36
fieldcompanion,Field Companion,FC-WF-015,Register notification and device capabilities,CURRENT · COMMON,Partial,"User opens profile/settings, grants/revokes a browser permission, updates app/browser, or push token changes.",R9,Field Companion mobile execution,Harden represented workflow in product entry release,Requires R0 truth hardening before production reliance,products/fieldcompanion/WORKFLOWS.md,37
fieldcompanion,Field Companion,FC-WF-016,Update app schema and remote configuration safely,COMMON · DEMOCRATIZE,Partial,A new app/service-worker/schema/feature version is deployed or an urgent kill switch/config change is needed.,R9,Field Companion mobile execution,Complete expected category workflow after MVP proof,Requires R0 truth hardening before production reliance,products/fieldcompanion/WORKFLOWS.md,38
fieldcompanion,Field Companion,FC-WF-017,Handle emergency or degraded mobile operation,FOUNDATION,Partial,Health/capability checks or an attempted action detects a material outage or failure.,R12,"Expansion, portals, advanced integrations, AI, and category depth",Retained advanced workflow backlog after core vertical proof,Requires R0 truth hardening before production reliance,products/fieldcompanion/WORKFLOWS.md,39
ledgarr,LedgArr,LE-WF-001,"Configure legal entity, books, calendar, currency, and chart of accounts",CURRENT · COMMON,Durable,A tenant creates a finance profile or adds/reorganizes an entity.,R11,LedgArr bridge-first finance,Harden represented workflow in product entry release,"Verify state path, tests, evidence, and UI failure states",products/ledgarr/WORKFLOWS.md,23
ledgarr,LedgArr,LE-WF-002,"Ingest, validate, map, approve, and post a financial packet",CURRENT · UNDERSERVED,Durable,"OrdArr, SupplyArr, LoadArr, RoutArr, MaintainArr, StaffArr/payroll, or an integration emits a finance packet.",R11,LedgArr bridge-first finance,Harden represented workflow in product entry release,"Verify state path, tests, evidence, and UI failure states",products/ledgarr/WORKFLOWS.md,24
ledgarr,LedgArr,LE-WF-003,Manual or recurring journal entry,CURRENT · COMMON,Durable,Authorized finance user creates a manual/recurring/accrual/reclass journal.,R11,LedgArr bridge-first finance,Harden represented workflow in product entry release,"Verify state path, tests, evidence, and UI failure states",products/ledgarr/WORKFLOWS.md,25
ledgarr,LedgArr,LE-WF-004,"Supplier bill intake, match, approval, and posting",CURRENT · COMMON,Durable,Invoice arrives by portal/email/import/API or finance user enters a bill.,R11,LedgArr bridge-first finance,Harden represented workflow in product entry release,"Verify state path, tests, evidence, and UI failure states",products/ledgarr/WORKFLOWS.md,26
ledgarr,LedgArr,LE-WF-005,"Payment proposal, approval, execution, and reconciliation",CURRENT · COMMON,Partial,AP creates a payment run or due obligations meet scheduled criteria.,R11,LedgArr bridge-first finance,Harden represented workflow in product entry release,Requires R0 truth hardening before production reliance,products/ledgarr/WORKFLOWS.md,27
ledgarr,LedgArr,LE-WF-006,"Customer invoice, delivery, and accounts receivable",CURRENT · COMMON,Durable,OrdArr or another authorized source sends an invoice-ready packet or finance creates an approved billing event.,R11,LedgArr bridge-first finance,Harden represented workflow in product entry release,"Verify state path, tests, evidence, and UI failure states",products/ledgarr/WORKFLOWS.md,28
ledgarr,LedgArr,LE-WF-007,Customer payment intake and cash application,CURRENT · COMMON,Durable,"Bank feed, payment provider, lockbox/import, or finance user records a customer payment.",R11,LedgArr bridge-first finance,Harden represented workflow in product entry release,"Verify state path, tests, evidence, and UI failure states",products/ledgarr/WORKFLOWS.md,29
ledgarr,LedgArr,LE-WF-008,"Collections, dispute, promise-to-pay, and write-off",CURRENT · COMMON,Durable,"Invoice ages past policy, customer disputes, or collector opens an account.",R11,LedgArr bridge-first finance,Harden represented workflow in product entry release,"Verify state path, tests, evidence, and UI failure states",products/ledgarr/WORKFLOWS.md,30
ledgarr,LedgArr,LE-WF-009,Bank transaction import and reconciliation,CURRENT · COMMON,Durable,Bank feed/file/API import arrives or reconciliation period begins.,R11,LedgArr bridge-first finance,Harden represented workflow in product entry release,"Verify state path, tests, evidence, and UI failure states",products/ledgarr/WORKFLOWS.md,31
ledgarr,LedgArr,LE-WF-010,"Inventory valuation, COGS, and quantity-to-value reconciliation",CURRENT · COMMON,Durable,LoadArr movement/period event or cost update requires valuation.,R11,LedgArr bridge-first finance,Harden represented workflow in product entry release,"Verify state path, tests, evidence, and UI failure states",products/ledgarr/WORKFLOWS.md,32
ledgarr,LedgArr,LE-WF-011,Landed cost allocation,CURRENT · COMMON,Durable,A freight/vendor/customs bill or shipment completion provides landed-cost facts.,R11,LedgArr bridge-first finance,Harden represented workflow in product entry release,"Verify state path, tests, evidence, and UI failure states",products/ledgarr/WORKFLOWS.md,33
ledgarr,LedgArr,LE-WF-012,"Fixed asset capitalize, depreciate, transfer, impair, and dispose",CURRENT · COMMON,Durable,Approved capital purchase/project completion or finance event creates/changes a fixed asset.,R11,LedgArr bridge-first finance,Harden represented workflow in product entry release,"Verify state path, tests, evidence, and UI failure states",products/ledgarr/WORKFLOWS.md,34
ledgarr,LedgArr,LE-WF-013,"Project/job budget, cost collection, and profitability",CURRENT · COMMON,Durable,Authorized user creates a project/job or operational packets reference one.,R11,LedgArr bridge-first finance,Harden represented workflow in product entry release,"Verify state path, tests, evidence, and UI failure states",products/ledgarr/WORKFLOWS.md,35
ledgarr,LedgArr,LE-WF-014,"Period close, reconciliation, consolidation, and reopen",CURRENT · COMMON,Durable,Close calendar opens or controller starts a close.,R11,LedgArr bridge-first finance,Harden represented workflow in product entry release,"Verify state path, tests, evidence, and UI failure states",products/ledgarr/WORKFLOWS.md,36
ledgarr,LedgArr,LE-WF-015,"Intercompany transaction, matching, settlement, and elimination",CURRENT · DEMOCRATIZE,Durable,A source packet or finance user identifies an intercompany transaction.,R11,LedgArr bridge-first finance,Harden represented workflow in product entry release,"Verify state path, tests, evidence, and UI failure states",products/ledgarr/WORKFLOWS.md,37
ledgarr,LedgArr,LE-WF-016,Payroll financial packet and journal reconciliation,CURRENT · COMMON,Durable,External payroll or StaffArr-approved export produces a payroll result packet.,R11,LedgArr bridge-first finance,Harden represented workflow in product entry release,"Verify state path, tests, evidence, and UI failure states",products/ledgarr/WORKFLOWS.md,38
ledgarr,LedgArr,LE-WF-017,"Budget creation, revision, commitment control, and forecast",CURRENT · DEMOCRATIZE,Partial,Finance starts a budget cycle or owner requests a revision.,R11,LedgArr bridge-first finance,Harden represented workflow in product entry release,Requires R0 truth hardening before production reliance,products/ledgarr/WORKFLOWS.md,39
ledgarr,LedgArr,LE-WF-018,"Tax calculation, exemption, reporting, and filing package",CURRENT · COMMON,Partial,Invoice/bill/order/asset transaction requires tax or period reporting begins.,R11,LedgArr bridge-first finance,Harden represented workflow in product entry release,Requires R0 truth hardening before production reliance,products/ledgarr/WORKFLOWS.md,40
ledgarr,LedgArr,LE-WF-019,"External ERP/GL bridge, coexistence, and migration",CURRENT · COMMON,Durable,A scheduled/manual sync or migration run starts.,R11,LedgArr bridge-first finance,Harden represented workflow in product entry release,"Verify state path, tests, evidence, and UI failure states",products/ledgarr/WORKFLOWS.md,41
ledgarr,LedgArr,LE-WF-020,Financial audit package and source-to-ledger trace,CURRENT · COMMON,Durable,"Auditor/controller selects entity, account, period, transaction, control, or source scope.",R11,LedgArr bridge-first finance,Harden represented workflow in product entry release,"Verify state path, tests, evidence, and UI failure states",products/ledgarr/WORKFLOWS.md,42
loadarr,LoadArr,LO-WF-001,Initialize warehouse profile and map StaffArr locations,CURRENT · COMMON,Partial,A tenant enables a warehouse/site or adds operational areas.,R5,"Procure, receive, put away, reserve, and issue",Harden represented workflow in product entry release,Requires R0 truth hardening before production reliance,products/loadarr/WORKFLOWS.md,25
loadarr,LoadArr,LO-WF-002,PO/ASN to expected receipt,COMMON,Partial,"SupplyArr issues/changes a PO or ASN/shipment intent arrives, with auth-backed expected-receipt queue coverage in place.",R5,"Procure, receive, put away, reserve, and issue",Complete expected category workflow after MVP proof,Requires R0 truth hardening before production reliance,products/loadarr/WORKFLOWS.md,26
loadarr,LoadArr,LO-WF-003,Dock check-in and receiving,COMMON · UNDERSERVED,Partial,Inbound shipment arrives or receiver starts an ad hoc receipt.,R5,"Procure, receive, put away, reserve, and issue",Complete expected category workflow after MVP proof,Requires R0 truth hardening before production reliance,products/loadarr/WORKFLOWS.md,27
loadarr,LoadArr,LO-WF-004,Receipt discrepancy and quality hold,COMMON · UNDERSERVED,Partial,"Receiving finds damage, mismatch, unknown item, missing evidence, or policy exception.",R5,"Procure, receive, put away, reserve, and issue",Complete expected category workflow after MVP proof,Requires R0 truth hardening before production reliance,products/loadarr/WORKFLOWS.md,28
loadarr,LoadArr,LO-WF-005,Directed putaway,COMMON,Partial,"Accepted inventory is ready for putaway, with auth-backed putaway queue coverage in place.",R5,"Procure, receive, put away, reserve, and issue",Complete expected category workflow after MVP proof,Requires R0 truth hardening before production reliance,products/loadarr/WORKFLOWS.md,29
loadarr,LoadArr,LO-WF-006,Demand reservation and allocation,COMMON,Partial,"OrdArr, MaintainArr, TrainArr, RoutArr, or StaffArr submits material demand, with auth-backed reservation queue coverage in place.",R5,"Procure, receive, put away, reserve, and issue",Complete expected category workflow after MVP proof,Requires R0 truth hardening before production reliance,products/loadarr/WORKFLOWS.md,30
loadarr,LoadArr,LO-WF-007,"Wave/waveless pick, pack, stage, and ship",COMMON · DEMOCRATIZE,Partial,"Allocated demand is released for fulfillment, with auth-backed pick and shipping queue coverage in place.",R5,"Procure, receive, put away, reserve, and issue",Complete expected category workflow after MVP proof,Requires R0 truth hardening before production reliance,products/loadarr/WORKFLOWS.md,31
loadarr,LoadArr,LO-WF-008,Replenishment and forward-pick maintenance,COMMON,Partial,"Min/max, forecast, released work, or picker shortage triggers replenishment, with auth-backed truck stock issue and kit replenishment coverage in place.",R5,"Procure, receive, put away, reserve, and issue",Complete expected category workflow after MVP proof,Requires R0 truth hardening before production reliance,products/loadarr/WORKFLOWS.md,32
loadarr,LoadArr,LO-WF-009,Internal or inter-warehouse transfer,COMMON,Partial,"A planner requests balancing, project staging, quarantine move, or inter-site transfer, with auth-backed create/complete coverage for seeded stock.",R5,"Procure, receive, put away, reserve, and issue",Complete expected category workflow after MVP proof,Requires R0 truth hardening before production reliance,products/loadarr/WORKFLOWS.md,33
loadarr,LoadArr,LO-WF-010,"Cycle count, discrepancy investigation, and adjustment",COMMON · UNDERSERVED,Partial,"A schedule, risk event, zero/negative anomaly, user report, or audit triggers a count, with auth-backed count completion coverage for seeded stock.",R5,"Procure, receive, put away, reserve, and issue",Complete expected category workflow after MVP proof,Requires R0 truth hardening before production reliance,products/loadarr/WORKFLOWS.md,34
loadarr,LoadArr,LO-WF-011,Unexplained inventory investigation,CURRENT · UNDERSERVED,Partial,A worker finds unknown stock or expected stock cannot be located.,R5,"Procure, receive, put away, reserve, and issue",Harden represented workflow in product entry release,Requires R0 truth hardening before production reliance,products/loadarr/WORKFLOWS.md,35
loadarr,LoadArr,LO-WF-012,Customer/vendor return and disposition,COMMON,Partial,"An approved return/RMA arrives or warehouse initiates vendor return, with auth-backed truck-stock and kit return coverage in place.",R5,"Procure, receive, put away, reserve, and issue",Complete expected category workflow after MVP proof,Requires R0 truth hardening before production reliance,products/loadarr/WORKFLOWS.md,36
loadarr,LoadArr,LO-WF-013,Lot/serial recall and targeted inventory control,COMMON · DEMOCRATIZE,Target,"AssurArr, SupplyArr, MaintainArr, or external source identifies affected lot/serial/item criteria.",R5,"Procure, receive, put away, reserve, and issue",Complete expected category workflow after MVP proof,Implement behind owner APIs/events before release,products/loadarr/WORKFLOWS.md,37
loadarr,LoadArr,LO-WF-014,Offline mobile warehouse task and sync,UNDERSERVED,Target,A worker downloads/starts an offline-eligible task and connectivity degrades.,R12,"Expansion, portals, advanced integrations, AI, and category depth",Retained advanced workflow backlog after core vertical proof,Implement behind owner APIs/events before release,products/loadarr/WORKFLOWS.md,38
loadarr,LoadArr,LO-WF-015,Warehouse cutover from spreadsheet/legacy system,UNDERSERVED,Target,Tenant prepares a new warehouse or migration cutover.,R12,"Expansion, portals, advanced integrations, AI, and category depth",Retained advanced workflow backlog after core vertical proof,Implement behind owner APIs/events before release,products/loadarr/WORKFLOWS.md,39
maintainarr,MaintainArr,MA-WF-001,"Asset create, enrich, commission, and activate",CURRENT · COMMON,Durable,An authorized user creates/imports an asset or scans an unknown asset.,R3,MaintainArr flagship operational slice,Harden represented workflow in product entry release,"Verify state path, tests, evidence, and UI failure states",products/maintainarr/WORKFLOWS.md,25
maintainarr,MaintainArr,MA-WF-002,Work request intake and triage,COMMON · UNDERSERVED,Partial,"A worker, customer-facing user, integration, or Field Companion submits a maintenance concern.",R3,MaintainArr flagship operational slice,Complete expected category workflow after MVP proof,Requires R0 truth hardening before production reliance,products/maintainarr/WORKFLOWS.md,26
maintainarr,MaintainArr,MA-WF-003,Inspection execution to defect,CURRENT · COMMON,Durable,A scheduled/ad hoc inspection is started for an asset.,R3,MaintainArr flagship operational slice,Harden represented workflow in product entry release,"Verify state path, tests, evidence, and UI failure states",products/maintainarr/WORKFLOWS.md,27
maintainarr,MaintainArr,MA-WF-004,Defect to work order to parts to return-to-service,CURRENT · UNDERSERVED,Durable,"A defect is created from inspection, operator report, route exception, PM, quality finding, or manual entry.",R3,MaintainArr flagship operational slice,Harden represented workflow in product entry release,"Verify state path, tests, evidence, and UI failure states",products/maintainarr/WORKFLOWS.md,28
maintainarr,MaintainArr,MA-WF-005,"Preventive maintenance forecast, generate, execute, and defer",CURRENT · COMMON,Durable,"A PM due scan, meter reading, calendar threshold, or manual forecast occurs.",R3,MaintainArr flagship operational slice,Harden represented workflow in product entry release,"Verify state path, tests, evidence, and UI failure states",products/maintainarr/WORKFLOWS.md,29
maintainarr,MaintainArr,MA-WF-006,Meter reading and condition threshold response,CURRENT · COMMON,Durable,"A manual, telematics, sensor, or import reading arrives.",R3,MaintainArr flagship operational slice,Harden represented workflow in product entry release,"Verify state path, tests, evidence, and UI failure states",products/maintainarr/WORKFLOWS.md,30
maintainarr,MaintainArr,MA-WF-007,Emergency breakdown and rapid dispatch,COMMON · UNDERSERVED,Partial,An operator reports a disabled or unsafe asset.,R3,MaintainArr flagship operational slice,Complete expected category workflow after MVP proof,Requires R0 truth hardening before production reliance,products/maintainarr/WORKFLOWS.md,31
maintainarr,MaintainArr,MA-WF-008,"Parts request, reservation, issue, return, and shortage procurement",CURRENT · COMMON,Partial,A planner/technician adds a required part or kit to a work order.,R3,MaintainArr flagship operational slice,Harden represented workflow in product entry release,Requires R0 truth hardening before production reliance,products/maintainarr/WORKFLOWS.md,32
maintainarr,MaintainArr,MA-WF-009,Vendor/contractor maintenance work,CURRENT · COMMON,Partial,A work order is assigned or subcontracted to an external vendor.,R3,MaintainArr flagship operational slice,Harden represented workflow in product entry release,Requires R0 truth hardening before production reliance,products/maintainarr/WORKFLOWS.md,33
maintainarr,MaintainArr,MA-WF-010,Asset recall campaign,CURRENT · DEMOCRATIZE,Durable,A manufacturer/regulator/provider campaign is ingested or created.,R3,MaintainArr flagship operational slice,Harden represented workflow in product entry release,"Verify state path, tests, evidence, and UI failure states",products/maintainarr/WORKFLOWS.md,34
maintainarr,MaintainArr,MA-WF-011,"Downtime start, reason change, and availability restoration",CURRENT · COMMON,Durable,An asset becomes unavailable/degraded or returns to service.,R3,MaintainArr flagship operational slice,Harden represented workflow in product entry release,"Verify state path, tests, evidence, and UI failure states",products/maintainarr/WORKFLOWS.md,35
maintainarr,MaintainArr,MA-WF-012,Quality hold on asset or installed part,CURRENT · UNDERSERVED,Partial,"AssurArr creates or expands a hold affecting an asset, component, part lot, or work result.",R3,MaintainArr flagship operational slice,Harden represented workflow in product entry release,Requires R0 truth hardening before production reliance,products/maintainarr/WORKFLOWS.md,36
maintainarr,MaintainArr,MA-WF-013,Asset reservation and motor-pool readiness,COMMON · UNDERSERVED,Target,A worker requests an asset for a time window and purpose.,R3,MaintainArr flagship operational slice,Complete expected category workflow after MVP proof,Implement behind owner APIs/events before release,products/maintainarr/WORKFLOWS.md,37
maintainarr,MaintainArr,MA-WF-014,Maintenance audit package and asset history,CURRENT · COMMON,Durable,"An auditor, customer, supervisor, or incident reviewer requests a package.",R3,MaintainArr flagship operational slice,Harden represented workflow in product entry release,"Verify state path, tests, evidence, and UI failure states",products/maintainarr/WORKFLOWS.md,38
nexarr,NexArr,NX-WF-001,User invitation and account activation,CURRENT · COMMON,Durable,An authorized administrator invites a user or StaffArr requests login provisioning.,R1,Foundation spine,Harden represented workflow in product entry release,"Verify state path, tests, evidence, and UI failure states",products/nexarr/WORKFLOWS.md,23
nexarr,NexArr,NX-WF-002,Interactive sign-in and tenant launch,CURRENT · COMMON,Durable,A user opens the login page or follows an authorized deep link.,R1,Foundation spine,Harden represented workflow in product entry release,"Verify state path, tests, evidence, and UI failure states",products/nexarr/WORKFLOWS.md,24
nexarr,NexArr,NX-WF-003,Password reset and account recovery,CURRENT · COMMON,Durable,A user requests recovery or an administrator starts a verified reset.,R1,Foundation spine,Harden represented workflow in product entry release,"Verify state path, tests, evidence, and UI failure states",products/nexarr/WORKFLOWS.md,25
nexarr,NexArr,NX-WF-004,External IdP connection and staged cutover,COMMON · DEMOCRATIZE,Target,A tenant administrator starts SAML or OIDC configuration.,R1,Foundation spine,Complete expected category workflow after MVP proof,Implement behind owner APIs/events before release,products/nexarr/WORKFLOWS.md,26
nexarr,NexArr,NX-WF-005,"Joiner, mover, and leaver automation",COMMON · DEMOCRATIZE,Partial,"StaffArr emits a hire, assignment, transfer, leave, or separation event.",R1,Foundation spine,Complete expected category workflow after MVP proof,Requires R0 truth hardening before production reliance,products/nexarr/WORKFLOWS.md,27
nexarr,NexArr,NX-WF-006,Session investigation and revocation,CURRENT · COMMON,Durable,A user reports suspicious activity or an administrator opens a session record.,R1,Foundation spine,Harden represented workflow in product entry release,"Verify state path, tests, evidence, and UI failure states",products/nexarr/WORKFLOWS.md,28
nexarr,NexArr,NX-WF-007,Service client registration and token rotation,CURRENT · COMMON,Durable,An authorized platform or integration administrator registers a service client or rotates a credential.,R1,Foundation spine,Harden represented workflow in product entry release,"Verify state path, tests, evidence, and UI failure states",products/nexarr/WORKFLOWS.md,29
nexarr,NexArr,NX-WF-008,Product launch and secure handoff,CURRENT,Durable,A user chooses a product or follows a cross-product link.,R1,Foundation spine,Harden represented workflow in product entry release,"Verify state path, tests, evidence, and UI failure states",products/nexarr/WORKFLOWS.md,30
nexarr,NexArr,NX-WF-009,"Tenant creation, suspension, export, and closure",CURRENT · COMMON,Partial,A platform administrator creates a tenant or an authorized closure/suspension request is approved.,R1,Foundation spine,Harden represented workflow in product entry release,Requires R0 truth hardening before production reliance,products/nexarr/WORKFLOWS.md,31
nexarr,NexArr,NX-WF-010,Access review and certification campaign,UNDERSERVED · DEMOCRATIZE,Target,A scheduled campaign starts or a high-risk event triggers an ad hoc review.,R12,"Expansion, portals, advanced integrations, AI, and category depth",Retained advanced workflow backlog after core vertical proof,Implement behind owner APIs/events before release,products/nexarr/WORKFLOWS.md,32
nexarr,NexArr,NX-WF-011,Temporary privileged access and break-glass use,UNDERSERVED · DEMOCRATIZE,Target,A user requests elevated access or invokes a pre-approved break-glass path.,R12,"Expansion, portals, advanced integrations, AI, and category depth",Retained advanced workflow backlog after core vertical proof,Implement behind owner APIs/events before release,products/nexarr/WORKFLOWS.md,33
nexarr,NexArr,NX-WF-012,Integration credential and mapping administration,CURRENT · COMMON,Durable,A tenant administrator creates or changes an integration connection.,R1,Foundation spine,Harden represented workflow in product entry release,"Verify state path, tests, evidence, and UI failure states",products/nexarr/WORKFLOWS.md,34
nexarr,NexArr,NX-WF-013,"Smart Import classification, review, and commit",CURRENT · UNDERSERVED,Durable,An authorized user uploads one or more files to Smart Import.,R1,Foundation spine,Harden represented workflow in product entry release,"Verify state path, tests, evidence, and UI failure states",products/nexarr/WORKFLOWS.md,35
nexarr,NexArr,NX-WF-014,Identity incident response and compromised credential containment,UNDERSERVED · DEMOCRATIZE,Target,"A security signal, user report, or administrator flags an identity as compromised.",R12,"Expansion, portals, advanced integrations, AI, and category depth",Retained advanced workflow backlog after core vertical proof,Implement behind owner APIs/events before release,products/nexarr/WORKFLOWS.md,36
ordarr,OrdArr,OR-WF-001,"Create, validate, and submit order",CURRENT · COMMON,Partial,"User, portal, API, EDI, import, agreement, or integration submits an order.",R7B,Order/request orchestration baseline,Harden represented workflow in product entry release,Requires R0 truth hardening before production reliance,products/ordarr/WORKFLOWS.md,26
ordarr,OrdArr,OR-WF-002,Order triage and execution decomposition,CURRENT · COMMON,Partial,An order reaches accepted/triage status.,R7B,Order/request orchestration baseline,Harden represented workflow in product entry release,Requires R0 truth hardening before production reliance,products/ordarr/WORKFLOWS.md,27
ordarr,OrdArr,OR-WF-003,Order promise and customer confirmation,COMMON · UNDERSERVED,Target,A new/changed order needs commitment to a customer or requester.,R7B,Order/request orchestration baseline,Complete expected category workflow after MVP proof,Implement behind owner APIs/events before release,products/ordarr/WORKFLOWS.md,28
ordarr,OrdArr,OR-WF-004,Warehouse fulfillment handoff,CURRENT · COMMON,Partial,Order decomposition includes warehouse-managed goods routed to LoadArr-managed fulfillment.,R7B,Order/request orchestration baseline,Harden represented workflow in product entry release,Requires R0 truth hardening before production reliance,products/ordarr/WORKFLOWS.md,29
ordarr,OrdArr,OR-WF-005,Transportation handoff and delivery,CURRENT · COMMON,Scaffold,"Order requires pickup, transfer, delivery, or service transport.",R7B,Order/request orchestration baseline,Harden represented workflow in product entry release,Requires R0 truth hardening before production reliance,products/ordarr/WORKFLOWS.md,30
ordarr,OrdArr,OR-WF-006,Service or maintenance execution handoff,CURRENT · UNDERSERVED,Scaffold,"Order includes installation, inspection, repair, maintenance, or asset service.",R7B,Order/request orchestration baseline,Harden represented workflow in product entry release,Requires R0 truth hardening before production reliance,products/ordarr/WORKFLOWS.md,31
ordarr,OrdArr,OR-WF-007,Procurement or dropship handoff,CURRENT · COMMON,Scaffold,Order cannot be fulfilled from available inventory or is configured for dropship.,R7B,Order/request orchestration baseline,Harden represented workflow in product entry release,Requires R0 truth hardening before production reliance,products/ordarr/WORKFLOWS.md,32
ordarr,OrdArr,OR-WF-008,"Order hold, review, release, and override",CURRENT · COMMON,Partial,"Validation, user, product event, risk, quality, compliance, customer, or finance context creates a hold.",R7B,Order/request orchestration baseline,Harden represented workflow in product entry release,Requires R0 truth hardening before production reliance,products/ordarr/WORKFLOWS.md,33
ordarr,OrdArr,OR-WF-009,Order change with downstream impact and compensation,COMMON · UNDERSERVED,Target,"Customer/internal user requests quantity, date, location, contact, item/service, requirement, or other change.",R7B,Order/request orchestration baseline,Complete expected category workflow after MVP proof,Implement behind owner APIs/events before release,products/ordarr/WORKFLOWS.md,34
ordarr,OrdArr,OR-WF-010,Order cancellation,CURRENT · COMMON,Scaffold,Authorized customer/internal actor requests cancellation or policy triggers it.,R7B,Order/request orchestration baseline,Harden represented workflow in product entry release,Requires R0 truth hardening before production reliance,products/ordarr/WORKFLOWS.md,35
ordarr,OrdArr,OR-WF-011,"Partial fulfillment, substitution, or backorder decision",COMMON · UNDERSERVED,Target,"LoadArr/SupplyArr/MaintainArr reports shortage, delay, or unavailable component/service.",R7B,Order/request orchestration baseline,Complete expected category workflow after MVP proof,Implement behind owner APIs/events before release,products/ordarr/WORKFLOWS.md,36
ordarr,OrdArr,OR-WF-012,"Return/RMA, exchange, and reverse fulfillment",CURRENT · COMMON,Scaffold,"Customer/internal user requests a return, exchange, repair, or service correction.",R7B,Order/request orchestration baseline,Harden represented workflow in product entry release,Requires R0 truth hardening before production reliance,products/ordarr/WORKFLOWS.md,37
ordarr,OrdArr,OR-WF-013,"Order completion, evidence, and finance-ready packet",CURRENT · COMMON,Partial,"All required handoffs report complete/canceled or coordinator initiates completion review, then approved orders advance completion and finance-ready packets.",R7B,Order/request orchestration baseline,Harden represented workflow in product entry release,Requires R0 truth hardening before production reliance,products/ordarr/WORKFLOWS.md,38
ordarr,OrdArr,OR-WF-014,Order exception control tower and recovery,UNDERSERVED · DEMOCRATIZE,Target,"Any handoff, promise, hold, customer, quality, supply, transport, service, or finance signal crosses a rule.",R12,"Expansion, portals, advanced integrations, AI, and category depth",Retained advanced workflow backlog after core vertical proof,Implement behind owner APIs/events before release,products/ordarr/WORKFLOWS.md,39
ordarr,OrdArr,OR-WF-015,Durable order event outbox and reconciliation,FOUNDATION,Target,An order transaction commits or reconciliation worker runs.,R12,"Expansion, portals, advanced integrations, AI, and category depth",Retained advanced workflow backlog after core vertical proof,Implement behind owner APIs/events before release,products/ordarr/WORKFLOWS.md,40
recordarr,RecordArr,RE-WF-001,Create record and upload a file version,CURRENT · COMMON,Partial,Authorized user/product begins upload or creates a record placeholder and queues scan processing.,R1,Foundation spine,Harden represented workflow in product entry release,Requires R0 truth hardening before production reliance,products/recordarr/WORKFLOWS.md,23
recordarr,RecordArr,RE-WF-002,"Mobile scan, auto-crop, OCR, classify, and review",CURRENT · UNDERSERVED,Partial,User opens RecordArr capture or a product issues a capture request.,R1,Foundation spine,Harden represented workflow in product entry release,Requires R0 truth hardening before production reliance,products/recordarr/WORKFLOWS.md,24
recordarr,RecordArr,RE-WF-003,"Email, portal, integration, and batch intake routing",COMMON · UNDERSERVED,Target,"Authorized mailbox, portal, API, scanner, or batch import receives content.",R3,MaintainArr flagship operational slice,Complete expected category workflow after MVP proof,Implement behind owner APIs/events before release,products/recordarr/WORKFLOWS.md,25
recordarr,RecordArr,RE-WF-004,"Controlled document author, review, approve, publish, and supersede",CURRENT · COMMON,Partial,Document owner creates or revises a controlled document and can route review.,R1,Foundation spine,Harden represented workflow in product entry release,Requires R0 truth hardening before production reliance,products/recordarr/WORKFLOWS.md,26
recordarr,RecordArr,RE-WF-005,Controlled distribution and acknowledgement,CURRENT · COMMON,Partial,"A controlled document version becomes effective or distribution population changes, and users can create distribution and acknowledgement records from the workspace.",R1,Foundation spine,Harden represented workflow in product entry release,Requires R0 truth hardening before production reliance,products/recordarr/WORKFLOWS.md,27
recordarr,RecordArr,RE-WF-006,Evidence mapping and requirement coverage,CURRENT · UNDERSERVED,Partial,"User/product/Compliance Core requests evidence mapping, and RecordArr can create mappings and show resulting coverage from the record detail workspace.",R1,Foundation spine,Harden represented workflow in product entry release,Requires R0 truth hardening before production reliance,products/recordarr/WORKFLOWS.md,28
recordarr,RecordArr,RE-WF-007,Evidence/audit package assembly and lock,CURRENT · COMMON,Partial,"Product, auditor, customer, regulator, or internal owner requests a package, and the package workspace can assemble, lock, inspect, and export it.",R1,Foundation spine,Harden represented workflow in product entry release,Requires R0 truth hardening before production reliance,products/recordarr/WORKFLOWS.md,29
recordarr,RecordArr,RE-WF-008,External share/data room,CURRENT · UNDERSERVED,Partial,"Authorized owner creates a share or collaboration room, logs access, and expires or revokes access.",R1,Foundation spine,Harden represented workflow in product entry release,Requires R0 truth hardening before production reliance,products/recordarr/WORKFLOWS.md,30
recordarr,RecordArr,RE-WF-009,Redaction review and release,CURRENT · COMMON,Partial,A package/share/export/request can create a redacted copy while preserving the source record.,R1,Foundation spine,Harden represented workflow in product entry release,Requires R0 truth hardening before production reliance,products/recordarr/WORKFLOWS.md,31
recordarr,RecordArr,RE-WF-010,Electronic signature request and completion,CURRENT · COMMON,Partial,Owning product or document owner requests one/more signatures.,R1,Foundation spine,Harden represented workflow in product entry release,Requires R0 truth hardening before production reliance,products/recordarr/WORKFLOWS.md,32
recordarr,RecordArr,RE-WF-011,Retention classification and event trigger,CURRENT · COMMON,Partial,Record is created/classified or a triggering business event occurs.,R1,Foundation spine,Harden represented workflow in product entry release,Requires R0 truth hardening before production reliance,products/recordarr/WORKFLOWS.md,33
recordarr,RecordArr,RE-WF-012,Disposition review and defensible deletion,CURRENT · COMMON,Partial,Scheduled worker identifies records past retention eligibility.,R1,Foundation spine,Harden represented workflow in product entry release,Requires R0 truth hardening before production reliance,products/recordarr/WORKFLOWS.md,34
recordarr,RecordArr,RE-WF-013,"Legal hold create, preserve, notify, and release",CURRENT · COMMON,Partial,"Authorized legal/compliance user opens a matter/hold and can create, activate, and release a hold from the workspace.",R1,Foundation spine,Harden represented workflow in product entry release,Requires R0 truth hardening before production reliance,products/recordarr/WORKFLOWS.md,35
recordarr,RecordArr,RE-WF-014,Controlled document periodic review,COMMON,Target,Scheduled review date approaches or a change/event triggers early review.,R3,MaintainArr flagship operational slice,Complete expected category workflow after MVP proof,Implement behind owner APIs/events before release,products/recordarr/WORKFLOWS.md,36
recordarr,RecordArr,RE-WF-015,Disaster recovery and integrity verification,FOUNDATION · DEMOCRATIZE,Target,"Scheduled fixity/restore test, storage alert, security incident, or disaster occurs.",R12,"Expansion, portals, advanced integrations, AI, and category depth",Retained advanced workflow backlog after core vertical proof,Implement behind owner APIs/events before release,products/recordarr/WORKFLOWS.md,37
reportarr,ReportArr,RP-WF-001,Register source connector and establish ingestion,CURRENT · COMMON,Scaffold,BI/integration administrator creates a source connector.,R10,ReportArr operational reporting,Harden represented workflow in product entry release,Requires R0 truth hardening before production reliance,products/reportarr/WORKFLOWS.md,23
reportarr,ReportArr,RP-WF-002,"Ingest events, replay, quarantine, and reconcile",COMMON · FOUNDATION,Target,Source event arrives or backfill/replay job runs.,R10,ReportArr operational reporting,Complete expected category workflow after MVP proof,Implement behind owner APIs/events before release,products/reportarr/WORKFLOWS.md,24
reportarr,ReportArr,RP-WF-003,Define and certify dataset/read model,CURRENT · COMMON,Scaffold,Analyst/model owner creates or revises a dataset/read model.,R10,ReportArr operational reporting,Harden represented workflow in product entry release,Requires R0 truth hardening before production reliance,products/reportarr/WORKFLOWS.md,25
reportarr,ReportArr,RP-WF-004,Define governed metric or KPI,CURRENT · COMMON,Scaffold,Business owner or analyst proposes a metric/KPI.,R10,ReportArr operational reporting,Harden represented workflow in product entry release,Requires R0 truth hardening before production reliance,products/reportarr/WORKFLOWS.md,26
reportarr,ReportArr,RP-WF-005,Build and publish dashboard,CURRENT · COMMON,Scaffold,Authorized creator starts a dashboard from certified datasets or approved exploratory models.,R10,ReportArr operational reporting,Harden represented workflow in product entry release,Requires R0 truth hardening before production reliance,products/reportarr/WORKFLOWS.md,27
reportarr,ReportArr,RP-WF-006,Build paginated/operational report,CURRENT · COMMON,Scaffold,Report author creates a report definition.,R10,ReportArr operational reporting,Harden represented workflow in product entry release,Requires R0 truth hardening before production reliance,products/reportarr/WORKFLOWS.md,28
reportarr,ReportArr,RP-WF-007,"Run, export, and securely deliver report",CURRENT · COMMON,Scaffold,User runs report or a schedule/event triggers it.,R10,ReportArr operational reporting,Harden represented workflow in product entry release,Requires R0 truth hardening before production reliance,products/reportarr/WORKFLOWS.md,29
reportarr,ReportArr,RP-WF-008,Schedule and subscription management,CURRENT · COMMON,Scaffold,Authorized user creates/edits a schedule or subscription.,R10,ReportArr operational reporting,Harden represented workflow in product entry release,Requires R0 truth hardening before production reliance,products/reportarr/WORKFLOWS.md,30
reportarr,ReportArr,RP-WF-009,"Alert detection, acknowledgement, and response",CURRENT · UNDERSERVED,Scaffold,"Metric threshold, anomaly, SLA, data quality, or event rule evaluates true.",R10,ReportArr operational reporting,Harden represented workflow in product entry release,Requires R0 truth hardening before production reliance,products/reportarr/WORKFLOWS.md,31
reportarr,ReportArr,RP-WF-010,Drill through to source and take action,UNDERSERVED,Target,"Viewer selects a data point, row, exception, or KPI contributor.",R12,"Expansion, portals, advanced integrations, AI, and category depth",Retained advanced workflow backlog after core vertical proof,Implement behind owner APIs/events before release,products/reportarr/WORKFLOWS.md,32
reportarr,ReportArr,RP-WF-011,"Refresh, rebuild, schema-change impact, and rollback",CURRENT · FOUNDATION,Scaffold,"Scheduled refresh runs, source schema changes, model version publishes, or data defect is detected.",R10,ReportArr operational reporting,Harden represented workflow in product entry release,Requires R0 truth hardening before production reliance,products/reportarr/WORKFLOWS.md,33
reportarr,ReportArr,RP-WF-012,Cross-product audit/management package,CURRENT · DEMOCRATIZE,Scaffold,Authorized owner defines or runs a package for a period/scope.,R10,ReportArr operational reporting,Harden represented workflow in product entry release,Requires R0 truth hardening before production reliance,products/reportarr/WORKFLOWS.md,34
reportarr,ReportArr,RP-WF-013,Natural-language question to governed answer,UNDERSERVED · DEMOCRATIZE,Target,Authorized user asks a question in ReportArr or another product.,R12,"Expansion, portals, advanced integrations, AI, and category depth",Retained advanced workflow backlog after core vertical proof,Implement behind owner APIs/events before release,products/reportarr/WORKFLOWS.md,35
reportarr,ReportArr,RP-WF-014,Data-quality incident and correction,COMMON · UNDERSERVED,Target,"Quality test, user report, reconciliation, or source owner identifies incorrect/stale/missing BI data.",R10,ReportArr operational reporting,Complete expected category workflow after MVP proof,Implement behind owner APIs/events before release,products/reportarr/WORKFLOWS.md,36
reportarr,ReportArr,RP-WF-015,BI access review and external embedding,COMMON · DEMOCRATIZE,Target,Dashboard/report/dataset is shared/embedded or scheduled access review begins.,R10,ReportArr operational reporting,Complete expected category workflow after MVP proof,Implement behind owner APIs/events before release,products/reportarr/WORKFLOWS.md,37
routarr,RoutArr,RO-WF-001,"Create transportation demand from an order, PO, shipment, or manual request",CURRENT · COMMON,Durable,"OrdArr, SupplyArr, LoadArr, CustomArr, or an authorized user submits transportation demand.",R8,Dispatch and transportation execution,Harden represented workflow in product entry release,"Verify state path, tests, evidence, and UI failure states",products/routarr/WORKFLOWS.md,25
routarr,RoutArr,RO-WF-002,Consolidate demand and build a load/plan,COMMON · DEMOCRATIZE,Partial,Planner selects ready demands or runs a planning scenario.,R8,Dispatch and transportation execution,Complete expected category workflow after MVP proof,Requires R0 truth hardening before production reliance,products/routarr/WORKFLOWS.md,26
routarr,RoutArr,RO-WF-003,Rate shop and routing-guide decision,CURRENT · COMMON,Partial,A demand/load is ready for carrier or mode selection.,R8,Dispatch and transportation execution,Harden represented workflow in product entry release,Requires R0 truth hardening before production reliance,products/routarr/WORKFLOWS.md,27
routarr,RoutArr,RO-WF-004,Carrier tender and acceptance,CURRENT · COMMON,Durable,A carrier-served load has an approved rate/routing-guide decision.,R8,Dispatch and transportation execution,Harden represented workflow in product entry release,"Verify state path, tests, evidence, and UI failure states",products/routarr/WORKFLOWS.md,28
routarr,RoutArr,RO-WF-005,Owned-fleet driver and equipment assignment with dispatch release,CURRENT · COMMON,Durable,A dispatch plan is ready for owned-fleet execution.,R8,Dispatch and transportation execution,Harden represented workflow in product entry release,"Verify state path, tests, evidence, and UI failure states",products/routarr/WORKFLOWS.md,29
routarr,RoutArr,RO-WF-006,"Pickup, stop execution, and in-transit visibility",CURRENT · COMMON,Durable,A released trip begins or the driver approaches a stop.,R8,Dispatch and transportation execution,Harden represented workflow in product entry release,"Verify state path, tests, evidence, and UI failure states",products/routarr/WORKFLOWS.md,30
routarr,RoutArr,RO-WF-007,Transportation exception and dynamic replanning,CURRENT · UNDERSERVED,Durable,"A driver, integration, dispatcher, customer, facility, or risk rule reports an exception.",R8,Dispatch and transportation execution,Harden represented workflow in product entry release,"Verify state path, tests, evidence, and UI failure states",products/routarr/WORKFLOWS.md,31
routarr,RoutArr,RO-WF-008,"Dock appointment, gate, yard, and detention",CURRENT · COMMON,Partial,A load requires an appointment or arrives at a managed facility.,R8,Dispatch and transportation execution,Harden represented workflow in product entry release,Requires R0 truth hardening before production reliance,products/routarr/WORKFLOWS.md,32
routarr,RoutArr,RO-WF-009,Proof review and trip completion,CURRENT · COMMON,Durable,A driver/carrier marks the final stop or trip complete.,R8,Dispatch and transportation execution,Harden represented workflow in product entry release,"Verify state path, tests, evidence, and UI failure states",products/routarr/WORKFLOWS.md,33
routarr,RoutArr,RO-WF-010,"Transportation claim for loss, damage, or delay",CURRENT · COMMON,Partial,"Damage, loss, shortage, temperature excursion, or service failure is identified.",R8,Dispatch and transportation execution,Harden represented workflow in product entry release,Requires R0 truth hardening before production reliance,products/routarr/WORKFLOWS.md,34
routarr,RoutArr,RO-WF-011,Vendor order completion to transportation dispatch,CURRENT · UNDERSERVED,Partial,OrdArr/SupplyArr creates a vendor completion request tied to transportation need.,R8,Dispatch and transportation execution,Harden represented workflow in product entry release,Requires R0 truth hardening before production reliance,products/routarr/WORKFLOWS.md,35
routarr,RoutArr,RO-WF-012,Driver DVIR defect and equipment substitution,CURRENT · COMMON,Partial,Driver completes pre/post-trip DVIR or reports an equipment defect.,R8,Dispatch and transportation execution,Harden represented workflow in product entry release,Requires R0 truth hardening before production reliance,products/routarr/WORKFLOWS.md,36
routarr,RoutArr,RO-WF-013,"Freight audit, accessorial review, and finance contribution",CURRENT · DEMOCRATIZE,Partial,"Trip completion, carrier invoice intake, or accessorial event occurs.",R8,Dispatch and transportation execution,Harden represented workflow in product entry release,Requires R0 truth hardening before production reliance,products/routarr/WORKFLOWS.md,37
routarr,RoutArr,RO-WF-014,Multimodal leg handoff and continuity,CURRENT · DEMOCRATIZE,Partial,A demand is planned as rail/ocean/air/parcel/intermodal or changes mode.,R8,Dispatch and transportation execution,Harden represented workflow in product entry release,Requires R0 truth hardening before production reliance,products/routarr/WORKFLOWS.md,38
routarr,RoutArr,RO-WF-015,Transportation audit/document packet,CURRENT · COMMON,Partial,"A trip completes, claim opens, audit occurs, or external party requests documents.",R8,Dispatch and transportation execution,Harden represented workflow in product entry release,Requires R0 truth hardening before production reliance,products/routarr/WORKFLOWS.md,39
staffarr,StaffArr,ST-WF-001,Create person and establish employment relationship,CURRENT · COMMON,Durable,"An authorized HR user creates a person, imports a record, or converts an accepted candidate.",R1,Foundation spine,Harden represented workflow in product entry release,"Verify state path, tests, evidence, and UI failure states",products/staffarr/WORKFLOWS.md,23
staffarr,StaffArr,ST-WF-002,Recruiting requisition to accepted offer,CURRENT · COMMON,Durable,A manager or HR partner requests a new or replacement position.,R1,Foundation spine,Harden represented workflow in product entry release,"Verify state path, tests, evidence, and UI failure states",products/staffarr/WORKFLOWS.md,24
staffarr,StaffArr,ST-WF-003,Onboarding and first-day readiness,COMMON · UNDERSERVED,Partial,"A person is hired, rehired, transferred, or assigned a new role/location.",R4,Training and qualification gate,Complete expected category workflow after MVP proof,Requires R0 truth hardening before production reliance,products/staffarr/WORKFLOWS.md,25
staffarr,StaffArr,ST-WF-004,"Internal transfer, promotion, or assignment change",CURRENT · COMMON,Durable,An approved personnel change request reaches its effective date.,R1,Foundation spine,Harden represented workflow in product entry release,"Verify state path, tests, evidence, and UI failure states",products/staffarr/WORKFLOWS.md,26
staffarr,StaffArr,ST-WF-005,Offboarding and separation,CURRENT · COMMON,Durable,"A resignation, termination, contract end, retirement, death, or no-show is recorded.",R1,Foundation spine,Harden represented workflow in product entry release,"Verify state path, tests, evidence, and UI failure states",products/staffarr/WORKFLOWS.md,27
staffarr,StaffArr,ST-WF-006,Clock event to approved timesheet,CURRENT · COMMON,Durable,"A worker clocks in/out, enters time, or an operational product submits labor evidence.",R1,Foundation spine,Harden represented workflow in product entry release,"Verify state path, tests, evidence, and UI failure states",products/staffarr/WORKFLOWS.md,28
staffarr,StaffArr,ST-WF-007,Leave request and return to work,CURRENT · COMMON,Durable,A worker or manager submits planned/unplanned leave.,R1,Foundation spine,Harden represented workflow in product entry release,"Verify state path, tests, evidence, and UI failure states",products/staffarr/WORKFLOWS.md,29
staffarr,StaffArr,ST-WF-008,Personnel incident to restriction and retraining,CURRENT · UNDERSERVED,Durable,"An incident is reported manually or by MaintainArr, RoutArr, LoadArr, AssurArr, or Field Companion.",R1,Foundation spine,Harden represented workflow in product entry release,"Verify state path, tests, evidence, and UI failure states",products/staffarr/WORKFLOWS.md,30
staffarr,StaffArr,ST-WF-009,"Role creation, permission assignment, and review",CURRENT · COMMON,Durable,A tenant administrator creates/edits a role or assigns it to a person.,R1,Foundation spine,Harden represented workflow in product entry release,"Verify state path, tests, evidence, and UI failure states",products/staffarr/WORKFLOWS.md,31
staffarr,StaffArr,ST-WF-010,Performance review cycle,CURRENT · COMMON,Durable,HR publishes a review cycle or a manager starts an allowed check-in.,R1,Foundation spine,Harden represented workflow in product entry release,"Verify state path, tests, evidence, and UI failure states",products/staffarr/WORKFLOWS.md,32
staffarr,StaffArr,ST-WF-011,Compensation change and approval,CURRENT · COMMON,Durable,"A manager/HR user initiates merit, promotion, adjustment, market, or correction change.",R1,Foundation spine,Harden represented workflow in product entry release,"Verify state path, tests, evidence, and UI failure states",products/staffarr/WORKFLOWS.md,33
staffarr,StaffArr,ST-WF-012,Benefits enrollment and qualifying life event,CURRENT · COMMON,Durable,An enrollment window opens or a qualifying life event is approved.,R1,Foundation spine,Harden represented workflow in product entry release,"Verify state path, tests, evidence, and UI failure states",products/staffarr/WORKFLOWS.md,34
staffarr,StaffArr,ST-WF-013,Worker profile update request,CURRENT · UNDERSERVED,Durable,A worker submits a change to an editable or review-required field.,R1,Foundation spine,Harden represented workflow in product entry release,"Verify state path, tests, evidence, and UI failure states",products/staffarr/WORKFLOWS.md,35
staffarr,StaffArr,ST-WF-014,Qualification-aware staffing and readiness check,CURRENT · UNDERSERVED,Partial,"A manager staffs a shift, task, inspection, route, warehouse operation, or maintenance assignment.",R1,Foundation spine,Harden represented workflow in product entry release,Requires R0 truth hardening before production reliance,products/staffarr/WORKFLOWS.md,36
staffarr,StaffArr,ST-WF-015,Scheduled workforce/payroll export and reconciliation,CURRENT · COMMON,Durable,A configured export schedule runs or an authorized user triggers a run.,R1,Foundation spine,Harden represented workflow in product entry release,"Verify state path, tests, evidence, and UI failure states",products/staffarr/WORKFLOWS.md,37
supplyarr,SupplyArr,SU-WF-001,"Supplier registration, due diligence, approval, and activation",CURRENT · COMMON,Durable,A buyer invites a supplier or an external party submits a registration.,R5,"Procure, receive, put away, reserve, and issue",Harden represented workflow in product entry release,"Verify state path, tests, evidence, and UI failure states",products/supplyarr/WORKFLOWS.md,24
supplyarr,SupplyArr,SU-WF-002,Cross-product demand to purchase request,CURRENT · UNDERSERVED,Durable,"MaintainArr, RoutArr, TrainArr, StaffArr, OrdArr, or a user submits a procurement demand.",R5,"Procure, receive, put away, reserve, and issue",Harden represented workflow in product entry release,"Verify state path, tests, evidence, and UI failure states",products/supplyarr/WORKFLOWS.md,25
supplyarr,SupplyArr,SU-WF-003,Purchase request approval,CURRENT · COMMON,Durable,A purchase request reaches approval-ready status.,R5,"Procure, receive, put away, reserve, and issue",Harden represented workflow in product entry release,"Verify state path, tests, evidence, and UI failure states",products/supplyarr/WORKFLOWS.md,26
supplyarr,SupplyArr,SU-WF-004,"RFQ creation, supplier invitation, clarification, and quote intake",CURRENT · COMMON,Durable,An approved request requires competitive sourcing or buyer creates an RFQ.,R5,"Procure, receive, put away, reserve, and issue",Harden represented workflow in product entry release,"Verify state path, tests, evidence, and UI failure states",products/supplyarr/WORKFLOWS.md,27
supplyarr,SupplyArr,SU-WF-005,"Quote normalization, comparison, negotiation, and award",CURRENT · COMMON,Durable,RFQ closes with one or more valid quotes.,R5,"Procure, receive, put away, reserve, and issue",Harden represented workflow in product entry release,"Verify state path, tests, evidence, and UI failure states",products/supplyarr/WORKFLOWS.md,28
supplyarr,SupplyArr,SU-WF-006,"Purchase order create, approve, issue, and revise",CURRENT · COMMON,Durable,An approved request/award/contract release is converted to a PO.,R5,"Procure, receive, put away, reserve, and issue",Harden represented workflow in product entry release,"Verify state path, tests, evidence, and UI failure states",products/supplyarr/WORKFLOWS.md,29
supplyarr,SupplyArr,SU-WF-007,"Vendor readiness, shipment intent, and inbound transport handoff",CURRENT · UNDERSERVED,Durable,An issued PO requires vendor readiness confirmation or supplier submits shipment details.,R5,"Procure, receive, put away, reserve, and issue",Harden represented workflow in product entry release,"Verify state path, tests, evidence, and UI failure states",products/supplyarr/WORKFLOWS.md,30
supplyarr,SupplyArr,SU-WF-008,"Receipt outcome, three-way context, and procurement exception",CURRENT · COMMON,Partial,LoadArr posts partial/final receipt or discrepancy.,R5,"Procure, receive, put away, reserve, and issue",Harden represented workflow in product entry release,Requires R0 truth hardening before production reliance,products/supplyarr/WORKFLOWS.md,31
supplyarr,SupplyArr,SU-WF-009,Backorder and supplier delay management,CURRENT · UNDERSERVED,Durable,"Supplier reports delay/partial, due date passes, or receipt is short.",R5,"Procure, receive, put away, reserve, and issue",Harden represented workflow in product entry release,"Verify state path, tests, evidence, and UI failure states",products/supplyarr/WORKFLOWS.md,32
supplyarr,SupplyArr,SU-WF-010,"Supplier restriction, suspension, exception, and reinstatement",CURRENT · COMMON,Durable,"Risk, quality, compliance, finance, incident, or administrative review creates a restriction.",R5,"Procure, receive, put away, reserve, and issue",Harden represented workflow in product entry release,"Verify state path, tests, evidence, and UI failure states",products/supplyarr/WORKFLOWS.md,33
supplyarr,SupplyArr,SU-WF-011,Supplier performance review and improvement plan,CURRENT · COMMON,Partial,A scheduled review period ends or performance crosses a threshold.,R5,"Procure, receive, put away, reserve, and issue",Harden represented workflow in product entry release,Requires R0 truth hardening before production reliance,products/supplyarr/WORKFLOWS.md,34
supplyarr,SupplyArr,SU-WF-012,Supplier corrective action request handoff,COMMON · UNDERSERVED,Partial,A significant or recurring supplier issue requires formal response.,R5,"Procure, receive, put away, reserve, and issue",Complete expected category workflow after MVP proof,Requires R0 truth hardening before production reliance,products/supplyarr/WORKFLOWS.md,35
supplyarr,SupplyArr,SU-WF-013,"Contract create/reference, obligation, renewal, and expiry",CURRENT · COMMON,Partial,"A sourcing award, negotiated agreement, or imported contract is approved.",R5,"Procure, receive, put away, reserve, and issue",Harden represented workflow in product entry release,Requires R0 truth hardening before production reliance,products/supplyarr/WORKFLOWS.md,36
supplyarr,SupplyArr,SU-WF-014,"Vendor return, replacement, credit, and warranty claim",CURRENT · COMMON,Durable,A receiving/usage/maintenance/quality issue is approved for supplier return or warranty.,R5,"Procure, receive, put away, reserve, and issue",Harden represented workflow in product entry release,"Verify state path, tests, evidence, and UI failure states",products/supplyarr/WORKFLOWS.md,37
supplyarr,SupplyArr,SU-WF-015,"Scheduled price, lead-time, and availability snapshot",CURRENT · COMMON,Durable,A scheduled capture run or manual refresh occurs.,R5,"Procure, receive, put away, reserve, and issue",Harden represented workflow in product entry release,"Verify state path, tests, evidence, and UI failure states",products/supplyarr/WORKFLOWS.md,38
supplyarr,SupplyArr,SU-WF-016,Procurement audit package and supplier history,CURRENT · COMMON,Durable,"An audit, dispute, review, or management request selects a scope.",R5,"Procure, receive, put away, reserve, and issue",Harden represented workflow in product entry release,"Verify state path, tests, evidence, and UI failure states",products/supplyarr/WORKFLOWS.md,39
trainarr,TrainArr,TR-WF-001,"Create, review, version, and publish a training definition",CURRENT · COMMON,Durable,An authorized author creates or revises a definition.,R4,Training and qualification gate,Harden represented workflow in product entry release,"Verify state path, tests, evidence, and UI failure states",products/trainarr/WORKFLOWS.md,23
trainarr,TrainArr,TR-WF-002,Build and publish a training program or learning path,CURRENT · COMMON,Durable,A program owner creates or revises a program.,R4,Training and qualification gate,Harden represented workflow in product entry release,"Verify state path, tests, evidence, and UI failure states",products/trainarr/WORKFLOWS.md,24
trainarr,TrainArr,TR-WF-003,"Automatic assignment from role, location, or requirement",CURRENT · COMMON,Durable,"A StaffArr person/assignment changes, a rulepack impact is published, or a scheduled applicability run occurs.",R4,Training and qualification gate,Harden represented workflow in product entry release,"Verify state path, tests, evidence, and UI failure states",products/trainarr/WORKFLOWS.md,25
trainarr,TrainArr,TR-WF-004,Learner completes an online or guided assignment,CURRENT · COMMON,Durable,A learner opens an assigned course or guided activity.,R4,Training and qualification gate,Harden represented workflow in product entry release,"Verify state path, tests, evidence, and UI failure states",products/trainarr/WORKFLOWS.md,26
trainarr,TrainArr,TR-WF-005,Assessment and remediation,CURRENT · COMMON,Durable,A learner starts an assessment or an evaluator records a scored check.,R4,Training and qualification gate,Harden represented workflow in product entry release,"Verify state path, tests, evidence, and UI failure states",products/trainarr/WORKFLOWS.md,27
trainarr,TrainArr,TR-WF-006,Practical evaluation and authorized signoff,CURRENT · UNDERSERVED,Durable,An assignment reaches a practical step or an evaluator opens a qualification check.,R4,Training and qualification gate,Harden represented workflow in product entry release,"Verify state path, tests, evidence, and UI failure states",products/trainarr/WORKFLOWS.md,28
trainarr,TrainArr,TR-WF-007,Instructor-led session scheduling and attendance,COMMON,Target,An instructor or administrator schedules a session from a published offering.,R4,Training and qualification gate,Complete expected category workflow after MVP proof,Implement behind owner APIs/events before release,products/trainarr/WORKFLOWS.md,29
trainarr,TrainArr,TR-WF-008,"Certificate or qualification issue, renewal, suspension, and revocation",CURRENT · COMMON,Durable,"Completion/evaluation satisfies issuance rules, a renewal window opens, or an incident/expiration changes validity.",R4,Training and qualification gate,Harden represented workflow in product entry release,"Verify state path, tests, evidence, and UI failure states",products/trainarr/WORKFLOWS.md,30
trainarr,TrainArr,TR-WF-009,Incident-triggered retraining and qualification review,CURRENT · UNDERSERVED,Durable,StaffArr forwards a training-related personnel incident.,R4,Training and qualification gate,Harden represented workflow in product entry release,"Verify state path, tests, evidence, and UI failure states",products/trainarr/WORKFLOWS.md,31
trainarr,TrainArr,TR-WF-010,Rulepack change impact and training update,CURRENT · DEMOCRATIZE,Durable,Compliance Core publishes a rulepack/version/change-impact event.,R4,Training and qualification gate,Harden represented workflow in product entry release,"Verify state path, tests, evidence, and UI failure states",products/trainarr/WORKFLOWS.md,32
trainarr,TrainArr,TR-WF-011,External credential review and equivalency,COMMON · UNDERSERVED,Target,"A learner/administrator submits an external certificate, transcript, license, or experience claim.",R4,Training and qualification gate,Complete expected category workflow after MVP proof,Implement behind owner APIs/events before release,products/trainarr/WORKFLOWS.md,33
trainarr,TrainArr,TR-WF-012,"Offline mobile learning, checklist, and sync",UNDERSERVED,Target,A learner/evaluator downloads an offline-capable assignment in Field Companion.,R12,"Expansion, portals, advanced integrations, AI, and category depth",Retained advanced workflow backlog after core vertical proof,Implement behind owner APIs/events before release,products/trainarr/WORKFLOWS.md,34
trainarr,TrainArr,TR-WF-013,"Training reminder, escalation, and manager intervention",CURRENT · COMMON,Durable,A scheduled due/overdue/expiration worker runs or an assignment status changes.,R4,Training and qualification gate,Harden represented workflow in product entry release,"Verify state path, tests, evidence, and UI failure states",products/trainarr/WORKFLOWS.md,35
trainarr,TrainArr,TR-WF-014,"Evidence retention, orphan reference, and audit package",CURRENT · COMMON,Durable,A retention/orphan-reference worker runs or an auditor requests a package.,R4,Training and qualification gate,Harden represented workflow in product entry release,"Verify state path, tests, evidence, and UI failure states",products/trainarr/WORKFLOWS.md,36
trainarr,TrainArr,TR-WF-015,Skills gap and development plan,UNDERSERVED · DEMOCRATIZE,Target,"A manager, employee, staffing workflow, or scenario identifies a capability gap.",R12,"Expansion, portals, advanced integrations, AI, and category depth",Retained advanced workflow backlog after core vertical proof,Implement behind owner APIs/events before release,products/trainarr/WORKFLOWS.md,37
